<?xml version="1.0" encoding="UTF-8"?>
<Configuration status="WARN">
  <Appenders>
    <Console name="Console" target="SYSTEM_OUT">
      <PatternLayout pattern="%d [%t] %-5level %logger{36} - %msg%n"/>
    </Console>
    <File name="File" fileName="app.log">
      <PatternLayout>
        <Pattern>%d [%t] %-5level %logger{36} - %msg%n</Pattern>
      </PatternLayout>
    </File>
  </Appenders>
  <Loggers>
    <Root level="debug">
      <AppenderRef ref="Console"/>
      <AppenderRef ref="File"/>
    </Root>
  </Loggers>
</Configuration>